{
	"version": 2,
	"settings": {
		"appearanceTools": true,
		"color": {
			"link": true,
			"palette": [
				{
					"slug": "intrace-primary",
					"color": "#181818",
					"name": "Primary"
				},
				{
					"slug": "intrace-accent",
					"color": "#ad9271",
					"name": "Accent"
				},
				{
					"slug": "intrace-background",
					"color": "#f8f8f8",
					"name": "Background"
				},
				{
					"slug": "intrace-body-text",
					"color": "#666666",
					"name": "Body/Text"
				},
				{
					"slug": "intrace-body-text-2",
					"color": "#e1e1e1",
					"name": "Body/Text 2"
				},
				{
					"slug": "intrace-border",
					"color": "#e9ebef",
					"name": "Border"
				},
				{
					"slug": "intrace-border-2",
					"color": "#eaeaeb",
					"name": "Border 2"
				}
			],
			"gradients": [
				{
					"slug": "quinary-to-septenary",
					"gradient": "linear-gradient(160deg, var(--wp--preset--color--quinary), var(--wp--preset--color--septenary))",
					"name": "Pink to Yellow"
				}
			]
		},
		"typography": {
			"customLineHeight": true,
			"customFontSize": true,
			"fontFamilies": [
				{
					"fontFamily": "'Lato'",
					"name": "Lato",
					"slug": "primary"
				},
				{
					"fontFamily": "'Heebo'",
					"name": "Heebo",
					"slug": "secondary"
				}
			],
			"fontSizes": [
				{
					"slug": "tiny",
					"size": "16px",
					"name": "Tiny"
				},
				{
					"slug": "small",
					"size": "18px",
					"name": "Small"
				},
				{
					"slug": "normal",
					"size": "20px",
					"name": "Normal"
				},
				{
					"slug": "large",
					"size": "24px",
					"name": "Large"
				},
				{
					"slug": "extra-large",
					"size": "40px",
					"name": "Extra large"
				},
				{
					"slug": "huge",
					"size": "96px",
					"name": "Huge"
				},
				{
					"slug": "gigantic",
					"size": "144px",
					"name": "Gigantic"
				},
				{
                    "slug": "heading-1",
                    "size": "clamp(55px, 4.444vw, 72px )",
                    "name": "Heading 1"
                },
	        	{
                    "slug": "heading-1-alt",
                    "size": "clamp(45px, 3.888vw, 56px)",
                    "name": "Heading 1 Alt" 
                },
                {
                    "slug": "heading-2",
                    "size": "clamp(30px, 3.888vw, 32px)",
                    "name": "Heading 2"
                },
                {
                    "slug": "heading-3",
                    "size": "clamp(22px, 3.333vw, 24px)",
                    "name": "Heading 3"
                },
                {
                    "slug": "heading-4",
                    "size": "clamp(38px, 2.777vw, 40px)",
                    "name": "Heading 4"
                },
                {
                    "slug": "heading-5",
                    "size": "clamp(16px, 2.222vw, 18px)",
                    "name": "Heading 5"
                },
                {
                    "slug": "heading-6",
                    "size": "clamp(16px, 1.666vw, 16px)",
                    "name": "Heading 6"
                }
			]
		},
		"spacing": {
			"padding": true,
			"margin": true,
			"blockGap": true,
			"units": [
				"px",
				"em",
				"rem",
				"vh",
				"vw"
			]
		},
		"layout": {
			"contentSize": "1170px",
			"wideSize": "1200px"
		},
		"border": {
			"customColor": true,
			"customRadius": true,
			"customStyle": true,
			"customWidth": true
		},
		"custom": {
			"headings": {
				"typography": {
					"fontFamily": "var(--wp--preset--font-family--primary)"
				}
			}
		}
	},
	"styles": {
		"color": {
			"background": "#ffffff",
			"text": "#666666"
		},
		"typography": {},
		"elements": {
			"link": {
				"color": {
					"text": "#ad9271"
				}
			},
			"h1": {
				"typography": {
					"fontFamily": "var(--wp--custom--headings--typography--font-family)"
				}
			},
			"h2": {
				"typography": {
					"fontFamily": "var(--wp--custom--headings--typography--font-family)"
				}
			},
			"h3": {
				"typography": {
					"fontFamily": "var(--wp--custom--headings--typography--font-family)"
				}
			},
			"h4": {
				"typography": {
					"fontFamily": "var(--wp--custom--headings--typography--font-family)"
				}
			},
			"h5": {
				"typography": {
					"fontFamily": "var(--wp--custom--headings--typography--font-family)"
				}
			},
			"h6": {
				"typography": {
					"fontFamily": "var(--wp--custom--headings--typography--font-family)"
				}
			}
		},
		"blocks": {}
	},
	"templateParts": [
		{
			"name": "header",
			"area": "header"
		},
		{
			"name": "footer",
			"area": "footer"
		}
	],
	"customTemplates": [
		{
			"name": "blank-canvas",
			"title": "Blank Canvas"
		},
		{
			"name": "template-basic",
			"title": "Basic Template"
		}
    ]
}